https://www.bbc.com/news/topics/c40rjmqdw54t/genetics,genetics,news
https://www.nature.com/subjects/genetics,genetics,news
https://www.the-scientist.com/tag/genetics,genetics,news
https://medicalxpress.com/genetics-news/,genetics,news
https://news.mit.edu/topic/genetics,genetics,news
https://www.technologynetworks.com/genetics,genetics,news
https://www.independent.co.uk/topic/genetics,genetics,news
https://www.sciencedaily.com/news/mind_brain/neuroscience/,neuroscience,news
https://www.the-scientist.com/tag/neuroscience,neuroscience,news
https://medicalxpress.com/neuroscience-news/,neuroscience,news
https://www.nature.com/subjects/neuroscience,neuroscience,news
https://news.mit.edu/topic/neuroscience,neuroscience,news
https://www.brainfacts.org/neuroscience-in-society/neuroscience-in-the-news,neuroscience,news
https://www.technologynetworks.com/neuroscience,neuroscience,news
https://www.independent.co.uk/topic/neuroscience,neuroscience,news
https://www.nature.com/neuro/articles?type=news-and-views,neuroscience,news
https://www.news-medical.net/?tag=/Prosthetic,prosthesis,news
https://www.the-scientist.com/tag/prosthetics,prosthesis,news
https://www.independent.co.uk/topic/prosthetics,prosthesis,news
https://www.bbc.com/news/topics/cq23pdgvrdwt/prosthetics,prosthesis,news
https://www.newscientist.com/article-topic/prosthetics/,prosthesis,news
https://www.wired.com/tag/prosthetics/,prosthesis,news
https://www.dezeen.com/tag/prosthetics/,prosthesis,news