https://www.sciencedaily.com/rss/mind_brain/neuroscience.xml,neuroscience,rss
https://www.sciencedaily.com/rss/computers_math/artificial_intelligence.xml,ai,rss
https://www.sciencedaily.com/rss/computers_math/mathematics.xml,math,rss
https://www.sciencedaily.com/rss/computers_math/mathematical_modeling.xml,mathematical_modelling,rss
https://www.sciencedaily.com/rss/computers_math/statistics.xml,statistics,rss
https://www.sciencedaily.com/rss/matter_energy/chemistry.xml,chemistry,rss
https://www.sciencedaily.com/rss/matter_energy/organic_chemistry.xml,organic_chemistry,rss
https://www.sciencedaily.com/rss/matter_energy/inorganic_chemistry.xml,chemistry,inorganic_chemistry,rss
https://www.sciencedaily.com/rss/matter_energy/biochemistry.xml,bio_chemistry,rss
https://www.sciencedaily.com/rss/computers_math.xml,computers_and_math,rss
https://www.sciencedaily.com/rss/matter_energy.xml,matter_and_energy,rss
https://www.sciencedaily.com/rss/space_time.xml,space_and_time,rss
https://www.sciencedaily.com/rss/matter_energy/graphene.xml,graphene,rss
https://www.sciencedaily.com/rss/matter_energy/aviation.xml,aviation,rss
https://www.sciencedaily.com/rss/matter_energy/medical_technology.xml,medical_technology,rss
https://www.sciencedaily.com/rss/matter_energy/nanotechnology.xml,nano_technology,rss
https://www.sciencedaily.com/rss/matter_energy/nuclear_energy.xml,nuclear_energy,rss
https://www.sciencedaily.com/rss/matter_energy/wind_energy.xml,wind_energy,rss
https://www.sciencedaily.com/rss/matter_energy/batteries.xml,batteries,rss
https://www.sciencedaily.com/rss/matter_energy/energy_technology.xml,energy_technology,rss
https://www.sciencedaily.com/rss/computers_math/hacking.xml,computer_security,rss
https://www.sciencedaily.com/rss/matter_energy/materials_science.xml,materials_science,rss
https://www.sciencedaily.com/rss/plants_animals/molecular_biology.xml,molecular_biology,rss
https://www.sciencedaily.com/rss/plants_animals/genetics.xml,genetics,rss
https://www.sciencedaily.com/rss/plants_animals/cell_biology.xml,cell_biology,rss
https://www.sciencedaily.com/rss/plants_animals/biotechnology.xml,biotechnology,rss
https://www.sciencedaily.com/rss/plants_animals/biochemistry.xml,biochemistry,rss
https://www.sciencedaily.com/rss/plants_animals/biology.xml,biology,rss
https://www.sciencedaily.com/rss/plants_animals/microbes_and_more.xml,microbes,rss
https://www.sciencedaily.com/rss/plants_animals/microbiology.xml,microbiology,rss
https://www.sciencedaily.com/rss/plants_animals/viruses.xml,viruses,rss
https://www.sciencedaily.com/rss/plants_animals/bacteria.xml,bacteria,rss
https://www.sciencedaily.com/rss/plants_animals/fungus.xml,fungus,rss
https://www.sciencedaily.com/rss/plants_animals/prions.xml,prions,rss
https://www.sciencedaily.com/rss/plants_animals/biotechnology_and_bioengineering.xml,bio_tech_and_engineering,rss
https://www.sciencedaily.com/rss/plants_animals/apes.xml,apes,rss
https://blog.feedspot.com/dna_blogs/,genetics,rss
https://www.sciencedaily.com/rss/mind_brain/neuroscience.xml,neuroscience,rss
https://www.reddit.com/r/genetics/.rss,genetics,rss
https://www.reddit.com/r/biology/.rss,biology,rss
https://www.reddit.com/r/Biochemistry/.rss,biochemistry,rss
https://www.reddit.com/r/evolution/.rss,evolution,rss
https://www.reddit.com/r/bioinformatics/.rss,bioinformatics,rss
https://www.reddit.com/r/microbiology/.rss,microbiology,rss
https://www.reddit.com/r/AskScienceDiscussion/.rss,science_discussion,rss
https://www.sciencenews.org/topic/genetics/feed,genetics,rss
https://www.sciencenews.org/topic/neuroscience/feed,neuroscience,rss
https://www.newscientist.com/subject/physics/feed/,physics,rss
https://scitechdaily.com/tag/genetics/feed/,genetics,rss
https://scitechdaily.com/tag/neuroscience/feed/,neuroscience,rss
https://www.theguardian.com/science/genetics/rss,genetics,rss
https://www.theguardian.com/science/neuroscience/rss,neuroscience,rss
https://www.usnews.com/topics/subjects/genetics/rss,genetics,rss
https://neuronline.sfn.org/rss/scientific-research,neuroscience,rss
https://www.usnews.com/topics/subjects/prosthetics/rss,prosthesis,rss
https://www.dezeen.com/tag/prosthetics/feed/,prosthesis,rss
https://nitter.42l.fr/NeuroscienceNew/rss,neuroscience,rss